<?xml version="1.0" encoding="utf-8"?>
<modification>
  <name>Customer Groups list</name>
  <code>customer_group_list_extras</code>
	<version>1.0</version>
	<author>REDS</author>
	<link>https://www.agenciaprai.com/</link>
	
	<file path="admin/controller/customer/customer_group.php">
		<operation>
			<search><![CDATA['sort_order'        => $result['sort_order'],]]></search>
			<add position="before" trim="true"><![CDATA[
			'description'       => $result['description'],
				'approval'          $result['approval'] ? '<i class="fa fa-lock fa-2x text-danger"></i>' : '<i class="fa fa-unlock-alt fa-2x text-success"></i>',
			]]></add>
		</operation>
	</file>
	<file path="admin/view/template/customer/customer_group_list.twig">
		<operation>
			<search><![CDATA[<td class="text-left">{% if sort == 'cgd.name' %}]]></search>
			<add position="before"><![CDATA[
			<td class="text-center" style="width: 30px">ID</td>]]></add>
		</operation>
		<operation>
			<search><![CDATA[<td class="text-left">{{ customer_group.name }}</td>]]></search>
			<add position="before">
			<![CDATA[<td class="text-center">{{ customer_group.customer_group_id }}</td>]]></add>
		</operation>
		<operation>
			<search><![CDATA[<td class="text-right">{% if sort == 'cg.sort_order' %}]]></search>
			<add position="before"><![CDATA[
			<td class="text-left">Descrição</td>
			<td class="text-center">Status</td>
			]]></add>
		</operation>
		<operation>
			<search><![CDATA[<td class="text-right">{{ customer_group.sort_order }}</td>]]></search>
			<add position="before"><![CDATA[
			<td class="text-left">{{ customer_group.description }}</td>
			<td class="text-left">{{ customer_group.approval }}</td>
			]]></add>
		</operation>
		<operation>
			<search><![CDATA[<td class="text-center" colspan="4">{{ text_no_results }}</td>]]></search>
			<add position="replace">
			<![CDATA[<td class="text-center" colspan="7">{{ text_no_results }}</td>]]></add>
		</operation>
	</file>	
		
		
</modification>